{"B1855+09_red_noise_gamma": 3.371026541491715, "B1855+09_red_noise_log10_A": -13.748953394587437, "B1937+21_red_noise_gamma": 3.793172884936719, "B1937+21_red_noise_log10_A": -13.565942824547346, "B1953+29_red_noise_gamma": 2.2454622225699854, "B1953+29_red_noise_log10_A": -12.987135177388579, "J0023+0923_red_noise_gamma": 5.522332270883897, "J0023+0923_red_noise_log10_A": -16.67518867618039, "J0030+0451_red_noise_gamma": 5.0271688371129635, "J0030+0451_red_noise_log10_A": -14.465629174941608, "J0340+4130_red_noise_gamma": 1.0360808231582903, "J0340+4130_red_noise_log10_A": -18.496982277013217, "J0406+3039_red_noise_gamma": 4.777271213367808, "J0406+3039_red_noise_log10_A": -13.296882991053394, "J0437-4715_red_noise_gamma": 3.6540543177143676, "J0437-4715_red_noise_log10_A": -19.986742641757946, "J0509+0856_red_noise_gamma": 6.425886800503821, "J0509+0856_red_noise_log10_A": -15.994111241740049, "J0557+1551_red_noise_gamma": 5.218987654004684, "J0557+1551_red_noise_log10_A": -14.134624430281765, "J0605+3757_red_noise_gamma": 3.125584269349484, "J0605+3757_red_noise_log10_A": -17.522437291364497, "J0610-2100_red_noise_gamma": 0.5968772054231349, "J0610-2100_red_noise_log10_A": -12.480171942053223, "J0613-0200_red_noise_gamma": 2.6068196161370927, "J0613-0200_red_noise_log10_A": -13.66290556894213, "J0636+5128_red_noise_gamma": 0.1437699698530066, "J0636+5128_red_noise_log10_A": -13.728121301865439, "J0645+5158_red_noise_gamma": 0.5339185999780857, "J0645+5158_red_noise_log10_A": -13.236141378817218, "J0709+0458_red_noise_gamma": 3.2415804987133083, "J0709+0458_red_noise_log10_A": -12.695450319057576, "J0740+6620_red_noise_gamma": 6.7159760152197645, "J0740+6620_red_noise_log10_A": -15.994570816951533, "J0931-1902_red_noise_gamma": 1.5951433817570875, "J0931-1902_red_noise_log10_A": -17.887020515163076, "J1012+5307_red_noise_gamma": 0.5995767153717115, "J1012+5307_red_noise_log10_A": -12.632269917928262, "J1012-4235_red_noise_gamma": 2.1851345330706478, "J1012-4235_red_noise_log10_A": -19.560573099889627, "J1022+1001_red_noise_gamma": 0.7254176723452486, "J1022+1001_red_noise_log10_A": -12.696314431000017, "J1024-0719_red_noise_gamma": 1.5212775043631392, "J1024-0719_red_noise_log10_A": -16.29351391557576, "J1125+7819_red_noise_gamma": 5.071803953938701, "J1125+7819_red_noise_log10_A": -19.787755991362292, "J1312+0051_red_noise_gamma": 1.2858735759847857, "J1312+0051_red_noise_log10_A": -15.896906740748625, "J1453+1902_red_noise_gamma": 1.9185332569851457, "J1453+1902_red_noise_log10_A": -19.628408762343746, "J1455-3330_red_noise_gamma": 4.816374098236412, "J1455-3330_red_noise_log10_A": -19.269503710761505, "J1600-3053_red_noise_gamma": 4.580226523069942, "J1600-3053_red_noise_log10_A": -17.55223582214136, "J1614-2230_red_noise_gamma": 1.4419000789535297, "J1614-2230_red_noise_log10_A": -19.382282524067946, "J1630+3734_red_noise_gamma": 2.01539275153812, "J1630+3734_red_noise_log10_A": -19.08515469647081, "J1640+2224_red_noise_gamma": 0.9233145080321323, "J1640+2224_red_noise_log10_A": -19.06774472298908, "J1643-1224_red_noise_gamma": 0.7115167089804703, "J1643-1224_red_noise_log10_A": -12.384716495409611, "J1705-1903_red_noise_gamma": 0.12721548904603802, "J1705-1903_red_noise_log10_A": -12.084469448187075, "J1713+0747_red_noise_gamma": 1.3438018999063548, "J1713+0747_red_noise_log10_A": -15.061653547951654, "J1719-1438_red_noise_gamma": 6.019660748307165, "J1719-1438_red_noise_log10_A": -17.806753114922437, "J1730-2304_red_noise_gamma": 0.0013902267727723128, "J1730-2304_red_noise_log10_A": -13.168963327815352, "J1738+0333_red_noise_gamma": 4.220287474250786, "J1738+0333_red_noise_log10_A": -14.170525650153191, "J1741+1351_red_noise_gamma": 0.9642252412545316, "J1741+1351_red_noise_log10_A": -19.286867121727454, "J1744-1134_red_noise_gamma": 5.042564145615355, "J1744-1134_red_noise_log10_A": -17.88947333055667, "J1745+1017_red_noise_gamma": 1.5112670730583293, "J1745+1017_red_noise_log10_A": -11.708324760661943, "J1747-4036_red_noise_gamma": 2.8230097441241515, "J1747-4036_red_noise_log10_A": -12.590827713553423, "J1751-2857_red_noise_gamma": 6.2363720108722775, "J1751-2857_red_noise_log10_A": -15.873203633976138, "J1802-2124_red_noise_gamma": 1.303906381186778, "J1802-2124_red_noise_log10_A": -12.008777365561073, "J1811-2405_red_noise_gamma": 0.45143408728098494, "J1811-2405_red_noise_log10_A": -16.01547680208045, "J1832-0836_red_noise_gamma": 1.8047907629090054, "J1832-0836_red_noise_log10_A": -17.443547563250785, "J1843-1113_red_noise_gamma": 0.22677152244580068, "J1843-1113_red_noise_log10_A": -15.369934224900298, "J1853+1303_red_noise_gamma": 1.0001687848845955, "J1853+1303_red_noise_log10_A": -13.340992043559577, "J1903+0327_red_noise_gamma": 1.721877366052986, "J1903+0327_red_noise_log10_A": -12.176585579622436, "J1909-3744_red_noise_gamma": 4.489196240625358, "J1909-3744_red_noise_log10_A": -16.151739718251495, "J1910+1256_red_noise_gamma": 1.7304758821811639, "J1910+1256_red_noise_log10_A": -18.126509769258753, "J1911+1347_red_noise_gamma": 5.6932052244271425, "J1911+1347_red_noise_log10_A": -18.794893466069894, "J1918-0642_red_noise_gamma": 3.5049007113258592, "J1918-0642_red_noise_log10_A": -15.592639425830088, "J1923+2515_red_noise_gamma": 2.3424192330940485, "J1923+2515_red_noise_log10_A": -17.893927820489168, "J1944+0907_red_noise_gamma": 0.8635025062650278, "J1944+0907_red_noise_log10_A": -13.230107163800534, "J1946+3417_red_noise_gamma": 0.26626257091279926, "J1946+3417_red_noise_log10_A": -12.309443654014505, "J2010-1323_red_noise_gamma": 1.1103830111396729, "J2010-1323_red_noise_log10_A": -17.922397472698005, "J2017+0603_red_noise_gamma": 0.5433111411284308, "J2017+0603_red_noise_log10_A": -15.463646023727353, "J2033+1734_red_noise_gamma": 6.21428415298878, "J2033+1734_red_noise_log10_A": -17.431889325290815, "J2043+1711_red_noise_gamma": 1.0936322783544057, "J2043+1711_red_noise_log10_A": -16.20964856591961, "J2124-3358_red_noise_gamma": 2.26680422107266, "J2124-3358_red_noise_log10_A": -13.681334267783598, "J2145-0750_red_noise_gamma": 0.7996205246760518, "J2145-0750_red_noise_log10_A": -12.897671685816674, "J2214+3000_red_noise_gamma": 5.753596513408836, "J2214+3000_red_noise_log10_A": -18.619476415876914, "J2229+2643_red_noise_gamma": 2.7712151222432446, "J2229+2643_red_noise_log10_A": -14.996999630990294, "J2234+0611_red_noise_gamma": 6.854722397321079, "J2234+0611_red_noise_log10_A": -16.21233570942588, "J2234+0944_red_noise_gamma": 0.14709770541901968, "J2234+0944_red_noise_log10_A": -19.52206415971014, "J2302+4442_red_noise_gamma": 3.2403921749709177, "J2302+4442_red_noise_log10_A": -16.283416695606544, "J2317+1439_red_noise_gamma": 1.9091927024849373, "J2317+1439_red_noise_log10_A": -14.212380370171598, "J2322+2057_red_noise_gamma": 2.5644010911317277, "J2322+2057_red_noise_log10_A": -19.03107674881859, "gw_gamma": 3.204581363584781, "gw_log10_A": -14.220026803254871}